mutation,exp_id,site_id,biosensor,signal_col,jump_threshold_theta,p_exposed,p_unexposed,risk_difference,RR,n_nodes,n_spatial_edges
WT,1,1,ERKKTR_ratio,ERKKTR_ratio,0.036542799999999986,0.13145546310189607,0.07486715044854579,0.05658831265335028,1.7558496926130764,356632,2389504
WT,1,1,FoxO3A_ratio,FoxO3A_ratio,0.03487000000000018,0.1539764144047561,0.1153670296782775,0.038609384726478596,1.3346656738424147,356632,2389504
AKT1_E17K,1,5,ERKKTR_ratio,ERKKTR_ratio,0.022628000000000082,0.15527245038361692,0.09638952703608686,0.058882923347530064,1.6108850739093796,448311,3863383
AKT1_E17K,1,5,FoxO3A_ratio,FoxO3A_ratio,0.04655000000000009,0.15250994639029347,0.11868964912451646,0.03382029726577701,1.2849473186182931,448311,3863383
PTEN_del,1,17,ERKKTR_ratio,ERKKTR_ratio,0.07408930000000005,0.12740346205059921,0.08098750758975286,0.046415954460846356,1.5731248663185091,211139,830047
PTEN_del,1,17,FoxO3A_ratio,FoxO3A_ratio,0.046170000000000044,0.14207288943564508,0.10539391823912285,0.036678971196522234,1.348017910419681,211139,830047
