mutation,optimal_lag_tau_star,optimal_lag_minutes,max_RR
WT,0,0,1.7558496926130764
AKT1_E17K,0,0,1.6108850739093796
PTEN_del,0,0,1.5731248663185091
