mutation,biosensor,mean_RR,std_RR,n_blocks,p_raw,significant
AKT1_E17K,ERKKTR_ratio,1.581421138620283,0.3296345169898422,21,0.003461466561763674,True
AKT1_E17K,FoxO3A_ratio,1.272374131594209,0.08033027374601022,21,0.0008591790479770737,True
PIK3CA_E545K,ERKKTR_ratio,1.7071095805294858,0.1562016290787582,24,0.18352895180974704,False
PIK3CA_E545K,FoxO3A_ratio,1.4633072325009877,0.1599629695791867,24,0.023954891416220755,False
PIK3CA_H1047R,ERKKTR_ratio,3.200310079544145,0.6400170353199156,24,3.06366423367317e-09,True
PIK3CA_H1047R,FoxO3A_ratio,2.624010742922026,0.6360560038849264,24,3.06366423367317e-09,True
PTEN_del,ERKKTR_ratio,1.5566327650128646,0.11236111916486248,27,3.660584272409116e-07,True
PTEN_del,FoxO3A_ratio,1.4011916744761366,0.12741881519578663,27,0.6574220739187662,False
WT,ERKKTR_ratio,1.7423490027824604,0.08422584284723095,24,,
WT,FoxO3A_ratio,1.3734037110178623,0.09342933391667707,24,,
